species,abundance,role,"is resource","taxonomic resolution",kingdom,order,family
Detritus,,Prey,1,Group,Undefined,,
Phytoplankton,,Prey,1,Group,Plants,,
Import,,Prey,1,Group,Animals,,
Seabirds,,Prey,1,,Animals,,
"Killer whales",,Prey,1,,Animals,,
Dolphins,,Prey,1,,Animals,,
"Loggerhead turtles",,Prey,1,,Animals,,
Sharks,,Prey,1,,Animals,,
"Demersal piscivores",,Prey,1,,Animals,,
Anglerfishes,,Prey,1,,Animals,,
Skates,,Prey,1,,Animals,,
"Adult hake",,Prey,1,,Animals,,
"Juvenile hake",,Prey,1,,Animals,,
Mackerels,,Prey,1,,Animals,,
"Horse mackerels",,Prey,1,,Animals,,
"Benthic cephalopods",,Prey,1,,Animals,,
"Common octopus",,Prey,1,,Animals,,
"Benthopelagic cephalopods",,Prey,1,,Animals,,
"Deep-sea fishes",,Prey,1,,Animals,,
"Large benthopelagic fishes",,Prey,1,,Animals,,
"Small benthopelagic fishes",,Prey,1,,Animals,,
Flatfishes,,Prey,1,,Animals,,
"Demersal fishes",,Prey,1,,Animals,,
Mullets,,Prey,1,Group,Animals,,
"Commercial sparids 1",,Prey,1,,Animals,,
"Commercial sparids 2",,Prey,1,,Animals,,
"Blue whiting",,Prey,1,,Animals,,
"Small demersal fishes",,Prey,1,,Animals,,
Anchovy,,Prey,1,,Animals,,
Sardine,,Prey,1,,Animals,,
"Rose shrimp",,Prey,1,,Animals,,
"Norway lobster",,Prey,1,,Animals,,
"Mantis shrimp",,Prey,1,,Animals,,
Crabs,,Prey,1,,Animals,,
Shrimps,,Prey,1,,Animals,,
"Gelatinous zooplankton",,Prey,1,,Animals,,
"Benthic invertebrates C",,Prey,1,,Animals,,
Polychaetes,,Prey,1,Group,Animals,,
Suprabenthos,,Prey,1,,Animals,,
"Benthic invertebrates FDS",,Prey,1,,Animals,,
Bivalves,,Prey,1,Group,Animals,,
Macrozooplankton,,Prey,1,,Animals,,
"Meso and microzooplankton",,Prey,1,,Animals,,
Discard,,Prey,1,,Plants,,
