prey,predator,diet_share
Anchovy,Adult hake,0.298
Sardine,Adult hake,0.191
Shrimps,Adult hake,0.075
Small demersal fishes,Adult hake,0.071
Crabs,Adult hake,0.065
Mackerels,Adult hake,0.064
Flatfishes,Adult hake,0.038
Juvenile hake,Adult hake,0.024
Small benthopelagic fishes,Adult hake,0.024
Horse mackerels,Adult hake,0.022
Rose shrimp,Adult hake,0.019
Benthic cephalopods,Adult hake,0.018
Large benthopelagic fishes,Adult hake,0.018
Blue whiting,Adult hake,0.015
Suprabenthos,Adult hake,0.015
Adult hake,Adult hake,0.009
Commercial sparids 1,Adult hake,0.008
Demersal fishes,Adult hake,0.007
Macrozooplankton,Adult hake,0.007
Benthopelagic cephalopods,Adult hake,0.006
Demersal piscivores,Adult hake,0.006
Deep-sea fishes,Adult hake,0.002
Meso and microzooplankton,Anchovy,1.0
Adult hake,Anglerfishes,0.429
Juvenile hake,Anglerfishes,0.233
Demersal fishes,Anglerfishes,0.102
Flatfishes,Anglerfishes,0.089
Benthic cephalopods,Anglerfishes,0.088
Deep-sea fishes,Anglerfishes,0.026
Small demersal fishes,Anglerfishes,0.018
Rose shrimp,Anglerfishes,0.009
Shrimps,Anglerfishes,0.007
Sardine,Benthic cephalopods,0.264
Shrimps,Benthic cephalopods,0.174
Macrozooplankton,Benthic cephalopods,0.17
Benthopelagic cephalopods,Benthic cephalopods,0.128
Rose shrimp,Benthic cephalopods,0.06
Anchovy,Benthic cephalopods,0.059
Small demersal fishes,Benthic cephalopods,0.038
Bivalves,Benthic cephalopods,0.031
Crabs,Benthic cephalopods,0.023
Suprabenthos,Benthic cephalopods,0.013
Small benthopelagic fishes,Benthic cephalopods,0.012
Benthic cephalopods,Benthic cephalopods,0.011
Benthic invertebrates C,Benthic cephalopods,0.011
Meso and microzooplankton,Benthic cephalopods,0.004
Benthic invertebrates FDS,Benthic cephalopods,0.0001
Juvenile hake,Benthic cephalopods,0.0001
Benthic invertebrates FDS,Benthic invertebrates C,0.312
Detritus,Benthic invertebrates C,0.28
Meso and microzooplankton,Benthic invertebrates C,0.174
Phytoplankton,Benthic invertebrates C,0.082
Bivalves,Benthic invertebrates C,0.052
Benthic invertebrates C,Benthic invertebrates C,0.05
Polychaetes,Benthic invertebrates C,0.05
Detritus,Benthic invertebrates FDS,1.0
Anchovy,Benthopelagic cephalopods,0.3
Macrozooplankton,Benthopelagic cephalopods,0.259
Sardine,Benthopelagic cephalopods,0.16
Suprabenthos,Benthopelagic cephalopods,0.052
Crabs,Benthopelagic cephalopods,0.039
Shrimps,Benthopelagic cephalopods,0.039
Small demersal fishes,Benthopelagic cephalopods,0.037
Small benthopelagic fishes,Benthopelagic cephalopods,0.033
Benthic cephalopods,Benthopelagic cephalopods,0.024
Demersal fishes,Benthopelagic cephalopods,0.022
Large benthopelagic fishes,Benthopelagic cephalopods,0.02
Benthopelagic cephalopods,Benthopelagic cephalopods,0.007
Deep-sea fishes,Benthopelagic cephalopods,0.003
Horse mackerels,Benthopelagic cephalopods,0.003
Commercial sparids 2,Benthopelagic cephalopods,0.002
Sharks,Benthopelagic cephalopods,0.0003
Juvenile hake,Benthopelagic cephalopods,0.0002
Flatfishes,Benthopelagic cephalopods,3e-05
Detritus,Bivalves,0.5
Phytoplankton,Bivalves,0.5
Suprabenthos,Blue whiting,0.398
Macrozooplankton,Blue whiting,0.271
Shrimps,Blue whiting,0.176
Small demersal fishes,Blue whiting,0.094
Small benthopelagic fishes,Blue whiting,0.038
Benthic cephalopods,Blue whiting,0.014
Benthopelagic cephalopods,Blue whiting,0.006
Crabs,Blue whiting,0.003
Benthic invertebrates FDS,Commercial sparids 1,0.372
Polychaetes,Commercial sparids 1,0.196
Small demersal fishes,Commercial sparids 1,0.076
Suprabenthos,Commercial sparids 1,0.061
Meso and microzooplankton,Commercial sparids 1,0.059
Benthic invertebrates C,Commercial sparids 1,0.053
Crabs,Commercial sparids 1,0.047
Shrimps,Commercial sparids 1,0.039
Bivalves,Commercial sparids 1,0.024
Benthic cephalopods,Commercial sparids 1,0.023
Phytoplankton,Commercial sparids 1,0.023
Benthopelagic cephalopods,Commercial sparids 1,0.015
Anchovy,Commercial sparids 1,0.007
Flatfishes,Commercial sparids 1,0.002
Macrozooplankton,Commercial sparids 1,0.002
Gelatinous zooplankton,Commercial sparids 1,0.001
Small demersal fishes,Commercial sparids 2,0.277
Bivalves,Commercial sparids 2,0.113
Polychaetes,Commercial sparids 2,0.111
Benthic invertebrates C,Commercial sparids 2,0.101
Mackerels,Commercial sparids 2,0.074
Benthic cephalopods,Commercial sparids 2,0.071
Anchovy,Commercial sparids 2,0.066
Macrozooplankton,Commercial sparids 2,0.046
Shrimps,Commercial sparids 2,0.03
Commercial sparids 1,Commercial sparids 2,0.029
Crabs,Commercial sparids 2,0.028
Suprabenthos,Commercial sparids 2,0.021
Benthic invertebrates FDS,Commercial sparids 2,0.017
Mantis shrimp,Commercial sparids 2,0.007
Horse mackerels,Commercial sparids 2,0.006
Gelatinous zooplankton,Commercial sparids 2,0.002
Mullets,Commercial sparids 2,0.001
Sardine,Common octopus,0.204
Anchovy,Common octopus,0.185
Bivalves,Common octopus,0.166
Benthic cephalopods,Common octopus,0.14
Rose shrimp,Common octopus,0.109
Benthic invertebrates C,Common octopus,0.105
Crabs,Common octopus,0.089
Shrimps,Common octopus,0.002
Suprabenthos,Common octopus,0.0001
Bivalves,Crabs,0.234
Detritus,Crabs,0.218
Suprabenthos,Crabs,0.179
Polychaetes,Crabs,0.14
Benthic invertebrates FDS,Crabs,0.085
Benthic invertebrates C,Crabs,0.05
Small demersal fishes,Crabs,0.034
Small benthopelagic fishes,Crabs,0.021
Shrimps,Crabs,0.018
Macrozooplankton,Crabs,0.009
Crabs,Crabs,0.005
Meso and microzooplankton,Crabs,0.005
Benthic cephalopods,Crabs,0.001
Suprabenthos,Deep-sea fishes,0.444
Crabs,Deep-sea fishes,0.263
Shrimps,Deep-sea fishes,0.166
Macrozooplankton,Deep-sea fishes,0.072
Rose shrimp,Deep-sea fishes,0.025
Polychaetes,Deep-sea fishes,0.018
Benthic invertebrates C,Deep-sea fishes,0.007
Small demersal fishes,Deep-sea fishes,0.004
Benthic cephalopods,Deep-sea fishes,0.0004
Benthic invertebrates FDS,Deep-sea fishes,0.0003
Small benthopelagic fishes,Deep-sea fishes,0.0002
Bivalves,Deep-sea fishes,3e-05
Benthic invertebrates FDS,Demersal fishes,0.264
Suprabenthos,Demersal fishes,0.23
Crabs,Demersal fishes,0.174
Shrimps,Demersal fishes,0.171
Small demersal fishes,Demersal fishes,0.031
Macrozooplankton,Demersal fishes,0.029
Benthic invertebrates C,Demersal fishes,0.025
Benthopelagic cephalopods,Demersal fishes,0.013
Polychaetes,Demersal fishes,0.013
Anchovy,Demersal fishes,0.01
Benthic cephalopods,Demersal fishes,0.009
Gelatinous zooplankton,Demersal fishes,0.007
Rose shrimp,Demersal fishes,0.007
Deep-sea fishes,Demersal fishes,0.005
Norway lobster,Demersal fishes,0.005
Small benthopelagic fishes,Demersal fishes,0.003
Meso and microzooplankton,Demersal fishes,0.002
Common octopus,Demersal fishes,0.001
Bivalves,Demersal fishes,0.0004
Horse mackerels,Demersal fishes,0.0004
Horse mackerels,Demersal piscivores,0.233
Mackerels,Demersal piscivores,0.22
Small benthopelagic fishes,Demersal piscivores,0.07
Anchovy,Demersal piscivores,0.066
Crabs,Demersal piscivores,0.057
Juvenile hake,Demersal piscivores,0.051
Shrimps,Demersal piscivores,0.046
Small demersal fishes,Demersal piscivores,0.046
Blue whiting,Demersal piscivores,0.03
Sardine,Demersal piscivores,0.029
Deep-sea fishes,Demersal piscivores,0.028
Demersal fishes,Demersal piscivores,0.026
Flatfishes,Demersal piscivores,0.022
Norway lobster,Demersal piscivores,0.02
Benthopelagic cephalopods,Demersal piscivores,0.013
Rose shrimp,Demersal piscivores,0.012
Benthic cephalopods,Demersal piscivores,0.011
Benthic invertebrates FDS,Demersal piscivores,0.005
Sharks,Demersal piscivores,0.005
Demersal piscivores,Demersal piscivores,0.003
Large benthopelagic fishes,Demersal piscivores,0.002
Polychaetes,Demersal piscivores,0.002
Suprabenthos,Demersal piscivores,0.002
Macrozooplankton,Demersal piscivores,0.0003
Commercial sparids 2,Dolphins,0.412
Sardine,Dolphins,0.176
Anchovy,Dolphins,0.076
Horse mackerels,Dolphins,0.066
Mackerels,Dolphins,0.065
Benthopelagic cephalopods,Dolphins,0.048
Adult hake,Dolphins,0.03
Blue whiting,Dolphins,0.026
Shrimps,Dolphins,0.022
Deep-sea fishes,Dolphins,0.02
Rose shrimp,Dolphins,0.017
Benthic cephalopods,Dolphins,0.012
Small benthopelagic fishes,Dolphins,0.011
Flatfishes,Dolphins,0.009
Commercial sparids 1,Dolphins,0.003
Mantis shrimp,Dolphins,0.003
Small demersal fishes,Dolphins,0.003
Common octopus,Dolphins,0.001
Crabs,Flatfishes,0.267
Suprabenthos,Flatfishes,0.247
Small demersal fishes,Flatfishes,0.189
Polychaetes,Flatfishes,0.109
Shrimps,Flatfishes,0.065
Macrozooplankton,Flatfishes,0.062
Bivalves,Flatfishes,0.018
Small benthopelagic fishes,Flatfishes,0.018
Benthic invertebrates FDS,Flatfishes,0.014
Benthic cephalopods,Flatfishes,0.005
Flatfishes,Flatfishes,0.004
Benthic invertebrates C,Flatfishes,0.003
Demersal fishes,Flatfishes,0.0002
Sardine,Flatfishes,3e-05
Horse mackerels,Flatfishes,1e-05
Mantis shrimp,Flatfishes,5e-06
Meso and microzooplankton,Flatfishes,2e-06
Juvenile hake,Flatfishes,1e-06
Meso and microzooplankton,Gelatinous zooplankton,0.8
Discard,Gelatinous zooplankton,0.1
Gelatinous zooplankton,Gelatinous zooplankton,0.05
Phytoplankton,Gelatinous zooplankton,0.05
Macrozooplankton,Horse mackerels,0.848
Small demersal fishes,Horse mackerels,0.086
Suprabenthos,Horse mackerels,0.057
Shrimps,Horse mackerels,0.009
Crabs,Horse mackerels,0.001
Suprabenthos,Juvenile hake,0.207
Anchovy,Juvenile hake,0.193
Shrimps,Juvenile hake,0.191
Macrozooplankton,Juvenile hake,0.175
Small demersal fishes,Juvenile hake,0.117
Crabs,Juvenile hake,0.034
Benthic cephalopods,Juvenile hake,0.028
Small benthopelagic fishes,Juvenile hake,0.02
Flatfishes,Juvenile hake,0.011
Juvenile hake,Juvenile hake,0.008
Benthopelagic cephalopods,Juvenile hake,0.007
Rose shrimp,Juvenile hake,0.005
Large benthopelagic fishes,Juvenile hake,0.003
Blue whiting,Juvenile hake,0.001
Benthopelagic cephalopods,Killer whales,0.389
Shrimps,Killer whales,0.27
Adult hake,Killer whales,0.184
Mackerels,Killer whales,0.121
Anchovy,Killer whales,0.026
Sardine,Killer whales,0.01
Macrozooplankton,Large benthopelagic fishes,0.458
Small benthopelagic fishes,Large benthopelagic fishes,0.363
Shrimps,Large benthopelagic fishes,0.136
Suprabenthos,Large benthopelagic fishes,0.04
Crabs,Large benthopelagic fishes,0.002
Benthic cephalopods,Large benthopelagic fishes,0.001
Small demersal fishes,Large benthopelagic fishes,0.001
Discard,Loggerhead turtles,0.25
Benthic cephalopods,Loggerhead turtles,0.1
Benthic invertebrates C,Loggerhead turtles,0.1
Crabs,Loggerhead turtles,0.082
Gelatinous zooplankton,Loggerhead turtles,0.02
Macrozooplankton,Mackerels,0.505
Shrimps,Mackerels,0.238
Anchovy,Mackerels,0.078
Small demersal fishes,Mackerels,0.075
Benthic cephalopods,Mackerels,0.07
Benthic invertebrates FDS,Mackerels,0.021
Gelatinous zooplankton,Mackerels,0.008
Polychaetes,Mackerels,0.003
Suprabenthos,Mackerels,0.003
Detritus,Macrozooplankton,0.8
Meso and microzooplankton,Macrozooplankton,0.1
Phytoplankton,Macrozooplankton,0.1
Benthic invertebrates C,Mantis shrimp,0.2
Benthic invertebrates FDS,Mantis shrimp,0.2
Detritus,Mantis shrimp,0.16
Crabs,Mantis shrimp,0.14
Shrimps,Mantis shrimp,0.09
Suprabenthos,Mantis shrimp,0.09
Polychaetes,Mantis shrimp,0.07
Demersal fishes,Mantis shrimp,0.05
Phytoplankton,Meso and microzooplankton,1.0
Suprabenthos,Mullets,0.35
Crabs,Mullets,0.243
Polychaetes,Mullets,0.185
Shrimps,Mullets,0.136
Bivalves,Mullets,0.053
Benthic invertebrates C,Mullets,0.014
Rose shrimp,Mullets,0.009
Benthic invertebrates FDS,Mullets,0.003
Common octopus,Mullets,0.002
Macrozooplankton,Mullets,0.002
Small demersal fishes,Mullets,0.002
Benthopelagic cephalopods,Mullets,0.001
Meso and microzooplankton,Mullets,0.001
Small benthopelagic fishes,Norway lobster,0.184
Shrimps,Norway lobster,0.161
Crabs,Norway lobster,0.13
Detritus,Norway lobster,0.111
Macrozooplankton,Norway lobster,0.099
Gelatinous zooplankton,Norway lobster,0.096
Benthic invertebrates FDS,Norway lobster,0.076
Benthic invertebrates C,Norway lobster,0.048
Polychaetes,Norway lobster,0.048
Bivalves,Norway lobster,0.037
Benthic cephalopods,Norway lobster,0.006
Meso and microzooplankton,Norway lobster,0.003
Detritus,Polychaetes,0.9
Phytoplankton,Polychaetes,0.1
Polychaetes,Rose shrimp,0.18
Shrimps,Rose shrimp,0.18
Suprabenthos,Rose shrimp,0.157
Detritus,Rose shrimp,0.125
Benthic invertebrates FDS,Rose shrimp,0.11
Bivalves,Rose shrimp,0.069
Small benthopelagic fishes,Rose shrimp,0.068
Macrozooplankton,Rose shrimp,0.043
Meso and microzooplankton,Rose shrimp,0.031
Crabs,Rose shrimp,0.021
Benthic cephalopods,Rose shrimp,0.011
Benthic invertebrates C,Rose shrimp,0.005
Meso and microzooplankton,Sardine,0.946
Phytoplankton,Sardine,0.054
Discard,Seabirds,0.281
Sardine,Seabirds,0.171
Anchovy,Seabirds,0.089
Mackerels,Seabirds,0.051
Benthic cephalopods,Seabirds,0.002
Macrozooplankton,Seabirds,0.002
Horse mackerels,Seabirds,0.001
Seabirds,Seabirds,2e-05
Mackerels,Sharks,0.203
Shrimps,Sharks,0.11
Macrozooplankton,Sharks,0.103
Large benthopelagic fishes,Sharks,0.087
Suprabenthos,Sharks,0.079
Benthopelagic cephalopods,Sharks,0.078
Crabs,Sharks,0.071
Sardine,Sharks,0.053
Anchovy,Sharks,0.047
Small benthopelagic fishes,Sharks,0.045
Polychaetes,Sharks,0.024
Flatfishes,Sharks,0.018
Benthic cephalopods,Sharks,0.013
Blue whiting,Sharks,0.01
Deep-sea fishes,Sharks,0.01
Rose shrimp,Sharks,0.01
Demersal piscivores,Sharks,0.009
Horse mackerels,Sharks,0.007
Common octopus,Sharks,0.006
Demersal fishes,Sharks,0.005
Discard,Sharks,0.004
Juvenile hake,Sharks,0.003
Benthic invertebrates FDS,Sharks,0.002
Sharks,Sharks,0.002
Benthic invertebrates C,Sharks,0.0001
Mantis shrimp,Sharks,1e-05
Macrozooplankton,Shrimps,0.344
Suprabenthos,Shrimps,0.326
Detritus,Shrimps,0.19
Bivalves,Shrimps,0.084
Polychaetes,Shrimps,0.024
Shrimps,Shrimps,0.01
Small benthopelagic fishes,Shrimps,0.01
Benthic cephalopods,Shrimps,0.005
Phytoplankton,Shrimps,0.004
Benthic invertebrates FDS,Shrimps,0.002
Shrimps,Skates,0.322
Crabs,Skates,0.237
Bivalves,Skates,0.215
Suprabenthos,Skates,0.084
Demersal fishes,Skates,0.058
Flatfishes,Skates,0.025
Benthic invertebrates FDS,Skates,0.011
Benthopelagic cephalopods,Skates,0.01
Macrozooplankton,Skates,0.01
Small demersal fishes,Skates,0.01
Benthic cephalopods,Skates,0.006
Demersal piscivores,Skates,0.005
Polychaetes,Skates,0.005
Rose shrimp,Skates,0.003
Meso and microzooplankton,Small benthopelagic fishes,0.513
Macrozooplankton,Small benthopelagic fishes,0.36
Suprabenthos,Small benthopelagic fishes,0.095
Shrimps,Small benthopelagic fishes,0.03
Benthic cephalopods,Small benthopelagic fishes,0.001
Small benthopelagic fishes,Small benthopelagic fishes,0.001
Meso and microzooplankton,Small demersal fishes,0.499
Suprabenthos,Small demersal fishes,0.158
Polychaetes,Small demersal fishes,0.136
Shrimps,Small demersal fishes,0.078
Crabs,Small demersal fishes,0.054
Bivalves,Small demersal fishes,0.033
Benthic invertebrates C,Small demersal fishes,0.025
Macrozooplankton,Small demersal fishes,0.011
Small demersal fishes,Small demersal fishes,0.005
Benthic invertebrates FDS,Small demersal fishes,0.001
Detritus,Suprabenthos,0.85
Meso and microzooplankton,Suprabenthos,0.1
Phytoplankton,Suprabenthos,0.05
